timestamp,username,message
0:15,Sarah,"Assalamu alaikum everyone! Excited to be here"
0:45,Fatima,"JazakAllah khair for hosting this webinar"
1:20,Aisha,"This is exactly what I needed to hear"
1:55,Maryam,"Can you repeat that last point about time management?"
2:30,Khadija,"Taking notes! This is so valuable"
3:10,Zainab,"MashaAllah, such practical advice"
3:45,Hafsa,"How do you handle multiple children with different needs?"
4:20,Amina,"Yes! I struggle with that too"
4:50,Layla,"The Quran reference you mentioned was beautiful"
5:30,Noor,"Is this program suitable for working mothers?"
6:00,Hawa,"I'm definitely signing up for this"
6:35,Sumaya,"What age groups is this most effective for?"
7:15,Yasmin,"The balance you described is what I've been missing"
7:50,Ruqayyah,"Can we get a recording of this?"
8:25,Safiya,"This changed my perspective completely"
9:00,Mariam,"How long is the full program?"
9:40,Asma,"The community aspect sounds amazing"
10:15,Jamilah,"Is there support between sessions?"
10:50,Rabia,"I love how you tie everything back to Islam"
11:30,Halima,"This is so relatable!"
12:00,Zara,"What's the investment for the program?"
12:35,Iman,"Are there payment plans available?"
13:10,Salma,"MashaAllah, I can see myself implementing this"
13:50,Nadia,"The results you showed are inspiring"
14:25,Farah,"How soon can I start?"
15:00,Leila,"Is this live or recorded?"
15:35,Ayesha,"I wish I had found this sooner"
16:10,Rania,"My husband will be happy to see these changes!"
16:50,Samira,"Does the program include worksheets?"
17:25,Aaliyah,"The transformation stories are amazing"
18:00,Zahra,"Is there a money-back guarantee?"
18:40,Hana,"I'm sharing this with my sisters"
19:15,Maha,"When does the next cohort start?"
19:50,Dina,"Can I join from outside the US?"
20:30,Sara,"The community support sounds wonderful"
21:00,Amira,"I need this accountability"
21:40,Nasrin,"MashaAllah, you've thought of everything"
22:15,Zainab,"How long do I have access to the materials?"
22:50,Fatima,"Is there a Facebook group?"
23:30,Aisha,"The bonus resources sound great"
24:00,Maryam,"I'm ready to invest in myself"
24:35,Khadija,"This is the push I needed"
25:10,Layla,"AlhamduLillah for this opportunity"
25:50,Hafsa,"Taking the leap! Signing up now"
26:25,Amina,"Can't wait to start this journey"
27:00,Noor,"This webinar alone was worth it"
27:40,Hawa,"See you all in the program!"
28:15,Sumaya,"JazakAllah khair for your time"
28:50,Yasmin,"MashaAllah, so much wisdom shared"
29:30,Ruqayyah,"Baraka Allahu feeki for this gift"
